DATE_DAY,ACTUAL_PURCHASES,EXPECTED_PURCHASES,EXPECTED_CI_LOW,EXPECTED_CI_HIGH,IS_HOLDOUT,WITHIN_90_PERCENT_CI
2020-11-21,87.0,66.1568,37.59598,92.76229,False,True
2020-11-22,155.0,162.1386,131.1749,191.73254,False,True
2020-11-23,165.0,144.39873,119.760956,167.84036,False,True
2020-11-24,113.0,113.41091,91.39972,135.76614,False,True
2020-11-25,95.0,95.94824,73.807816,118.37383,False,True
2020-11-26,110.0,510.34753,470.20462,550.8493,False,False
2020-11-27,337.0,583.385,543.2842,625.03076,False,False
2020-11-28,433.0,613.39026,572.1177,653.5206,False,False
2020-11-29,323.0,636.0424,597.2707,677.4758,True,False
2020-11-30,347.0,620.287,582.0543,661.14777,False,False
2020-12-01,285.0,188.4907,163.83156,213.89044,False,False
2020-12-02,194.0,178.03944,154.02586,202.3783,False,True
2020-12-03,155.0,152.49353,130.61876,175.51915,False,True
2020-12-04,238.0,183.08804,160.98657,206.1373,False,False
2020-12-05,140.0,160.76953,138.0555,183.93156,False,True
2020-12-06,257.0,216.81342,195.01506,240.34108,False,False
2020-12-07,222.0,231.12709,199.24481,270.14594,False,True
2020-12-08,242.0,226.36792,189.17793,265.9683,False,True
2020-12-09,183.0,206.08464,167.9326,244.85571,False,True
2020-12-10,158.0,177.63759,138.6439,217.07764,False,True
2020-12-11,138.0,191.03227,146.25618,232.00247,False,False
2020-12-12,146.0,201.69102,148.90054,245.98102,False,False
2020-12-13,225.0,257.90347,205.18532,305.6344,False,True
2020-12-14,239.0,235.90775,184.54057,285.71017,False,True
2020-12-15,158.0,190.05902,135.91048,240.65569,True,True
2020-12-16,144.0,169.91022,117.89699,220.66402,False,True
2020-12-17,128.0,140.32246,93.837425,186.18631,False,True
2020-12-18,118.0,155.47116,120.40918,192.13898,True,False
2020-12-19,111.0,122.552826,101.87563,141.93686,False,True
2020-12-20,91.0,138.96284,117.966774,160.65181,False,False
2020-12-21,82.0,110.7916,91.00167,132.02042,False,False
2020-12-22,73.0,81.223366,61.424286,101.2123,False,True
2020-12-23,45.0,65.69834,45.37132,85.44778,False,False
2020-12-24,48.0,45.463425,24.89366,65.84853,False,True
2020-12-25,59.0,64.7699,43.177284,86.60939,False,True
2020-12-26,70.0,84.74113,64.772255,104.113174,True,True
2020-12-27,81.0,128.01064,109.10819,147.53206,False,False
2020-12-28,75.0,116.74946,97.89958,134.9491,False,False
2020-12-29,77.0,96.65235,78.73125,113.99187,False,False
2020-12-30,76.0,88.30126,70.16236,105.621445,False,True
2020-12-31,57.0,64.95212,47.028545,82.9565,True,True
2021-01-01,273.0,160.78413,133.85417,186.62965,False,False
2021-01-02,167.0,164.05653,141.6378,186.15393,True,True
2021-01-03,158.0,204.02885,181.47441,227.73976,False,False
2021-01-04,113.0,178.09944,156.22865,198.69824,False,False
2021-01-05,101.0,144.78322,124.43566,165.05783,False,False
2021-01-06,103.0,151.66335,131.26013,172.38264,False,False
2021-01-07,88.0,128.9478,109.72071,149.51917,True,False
2021-01-08,86.0,161.9088,141.07004,182.54968,False,False
2021-01-09,124.0,177.64981,155.93375,200.33847,False,False
2021-01-10,126.0,213.53992,191.63199,236.42345,False,False
2021-01-11,94.0,183.32416,162.07814,203.82736,False,False
2021-01-12,108.0,142.06029,120.72128,163.90285,True,False
2021-01-13,116.0,142.642,124.71021,160.9795,False,False
2021-01-14,79.0,129.28413,111.45879,147.5369,False,False
2021-01-15,110.0,150.52296,132.10403,169.74669,False,False
2021-01-16,93.0,153.41443,133.91832,173.93213,False,False
2021-01-17,120.0,189.31499,170.97368,209.29443,False,False
2021-01-18,127.0,178.2525,159.22908,197.62277,False,False
2021-01-19,116.0,160.88553,142.21288,179.92259,False,False
2021-01-20,112.0,156.67207,136.74416,177.22252,False,False
2021-01-21,131.0,145.66875,126.33798,165.52057,False,True
2021-01-22,106.0,169.03699,149.61009,189.11714,False,False
2021-01-23,120.0,170.32106,150.26578,190.40866,False,False
2021-01-24,137.0,199.5374,179.78386,220.12553,False,False
2021-01-25,122.0,181.47919,162.08316,201.24011,False,False
2021-01-26,115.0,147.6977,121.22058,170.90681,False,False
2021-01-27,170.0,136.18095,109.736176,159.51784,True,False
2021-01-28,133.0,116.937996,92.08877,139.88287,True,True
2021-01-29,110.0,137.50218,114.54178,159.80006,False,False
2021-01-30,151.0,136.82114,113.69659,158.01782,False,True
2021-01-31,170.0,173.64003,151.27109,195.8834,False,True
2021-02-01,153.0,157.38457,135.75845,177.68456,True,True
2021-02-02,145.0,135.36736,115.263794,156.13298,False,True
2021-02-03,121.0,125.28798,103.07527,147.77988,False,True
2021-02-04,127.0,106.58605,84.98635,127.989395,False,True
2021-02-05,114.0,130.40839,109.00049,151.76855,False,True
2021-02-06,123.0,121.52934,98.97998,143.26248,False,True
2021-02-07,129.0,159.74504,137.98427,181.4212,False,False
2021-02-08,119.0,157.00035,134.4962,177.93518,False,False
2021-02-09,118.0,133.55205,113.40319,154.11572,False,True
2021-02-10,127.0,116.21189,95.335304,137.28882,False,True
2021-02-11,126.0,103.43547,83.21503,124.04428,False,False
2021-02-12,126.0,123.85251,103.120964,144.32234,True,True
2021-02-13,162.0,122.06735,100.907,142.52036,False,False
2021-02-14,195.0,165.5529,144.03941,186.98741,False,False
2021-02-15,204.0,156.66652,134.47595,178.18947,False,False
2021-02-16,127.0,140.61183,120.343735,161.67082,False,True
2021-02-17,135.0,131.30098,110.310005,152.83879,True,True
2021-02-18,118.0,119.34434,98.221245,140.63213,False,True
2021-02-19,107.0,147.91618,126.85791,169.65599,True,False
2021-02-20,152.0,152.05923,130.38167,174.39359,True,True
2021-02-21,145.0,187.32898,164.65677,210.12978,False,False
2021-02-22,121.0,171.37674,148.47902,193.79005,False,False
2021-02-23,162.0,148.66904,127.36147,170.53424,False,True
2021-02-24,145.0,138.7164,116.88477,160.74437,False,True
2021-02-25,187.0,125.0519,103.134544,146.6729,False,False
2021-02-26,151.0,139.06506,117.00578,160.61876,True,True
2021-02-27,174.0,137.95474,116.72419,158.91103,True,False
2021-02-28,211.0,178.37808,156.28157,200.70178,False,False
2021-03-01,209.0,164.39018,141.93373,186.66446,False,False
2021-03-02,171.0,148.99617,127.60398,171.3171,False,True
2021-03-03,183.0,135.74254,114.01026,157.4361,False,False
2021-03-04,181.0,125.19356,102.63189,147.88495,False,False
2021-03-05,138.0,149.39899,127.94504,171.84888,True,True
2021-03-06,175.0,149.58699,127.50821,171.70612,False,False
2021-03-07,177.0,161.81657,138.00963,184.83089,True,True
2021-03-08,148.0,130.51201,107.814445,153.53575,True,True
2021-03-09,165.0,91.349464,68.30717,114.704796,False,False
2021-03-10,131.0,80.705925,58.601986,103.806305,False,False
2021-03-11,99.0,81.429245,61.30573,101.80634,False,True
2021-03-12,127.0,105.79786,86.71333,124.96359,False,False
2021-03-13,156.0,122.84569,103.41218,142.7775,False,False
2021-03-14,158.0,152.64008,134.69504,170.23804,False,True
2021-03-15,171.0,141.73064,124.17017,159.05272,False,False
2021-03-16,147.0,116.25674,100.11262,133.57944,False,False
2021-03-17,137.0,103.73602,86.19268,121.63909,False,False
2021-03-18,141.0,107.00791,89.8128,124.944916,False,False
2021-03-19,126.0,133.34766,115.891624,151.07321,False,True
2021-03-20,96.0,125.33081,107.39755,143.61722,True,False
2021-03-21,187.0,167.50429,150.29214,185.73306,False,False
2021-03-22,139.0,139.57706,122.28695,157.19061,False,True
2021-03-23,138.0,126.10766,109.79481,143.85863,False,True
2021-03-24,100.0,109.21561,92.13901,127.12047,False,True
2021-03-25,135.0,93.896255,77.590614,110.95544,False,False
2021-03-26,163.0,124.53639,107.73197,141.63312,False,False
2021-03-27,175.0,127.616295,108.72951,145.97934,True,False
2021-03-28,181.0,154.25919,137.20796,171.59679,False,False
2021-03-29,176.0,121.19412,103.52275,139.43082,False,False
2021-03-30,137.0,90.80388,73.30104,108.54208,False,False
2021-03-31,121.0,84.44827,67.24528,101.979546,True,False
2021-04-01,129.0,76.29042,60.176144,93.5607,False,False
2021-04-02,110.0,104.2044,87.42687,121.45318,False,True
2021-04-03,112.0,100.77559,82.84319,118.63609,True,True
2021-04-04,136.0,138.19194,120.71404,155.90288,False,True
2021-04-05,140.0,125.38768,108.6944,143.16374,False,True
2021-04-06,155.0,120.98996,103.14018,139.49153,False,False
2021-04-07,113.0,100.40303,83.65681,117.443474,False,True
2021-04-08,110.0,83.79794,66.66036,100.83483,False,False
2021-04-09,122.0,116.9913,99.8953,134.39279,False,True
2021-04-10,119.0,112.45618,94.908424,130.114,False,True
2021-04-11,168.0,160.0433,142.74492,177.42458,False,True
2021-04-12,133.0,174.66258,152.51326,196.17924,True,False
2021-04-13,160.0,221.23355,188.68817,257.02673,True,False
2021-04-14,158.0,171.40073,146.81818,196.90553,False,True
2021-04-15,119.0,124.1736,96.411194,149.65096,False,True
2021-04-16,123.0,143.0792,122.548706,165.86362,False,True
2021-04-17,138.0,145.90874,125.82713,166.44164,False,True
2021-04-18,158.0,186.81192,168.13942,205.09067,True,False
2021-04-19,133.0,164.95113,147.19696,183.60448,False,False
2021-04-20,143.0,130.33505,112.333664,148.51306,False,True
2021-04-21,127.0,114.335175,97.35591,131.81789,False,True
2021-04-22,135.0,96.79767,80.31692,114.08938,False,False
2021-04-23,114.0,118.53486,101.71598,135.39926,False,True
2021-04-24,114.0,116.98711,99.25386,134.67021,False,True
2021-04-25,136.0,148.26187,131.06467,165.59535,False,True
2021-04-26,111.0,122.042015,105.25811,139.62024,True,True
2021-04-27,125.0,94.85397,77.49664,111.32279,False,False
2021-04-28,85.0,80.623856,63.718727,97.77625,True,True
2021-04-29,99.0,64.596886,46.975677,82.942116,True,False
2021-04-30,102.0,93.188644,75.95036,110.444466,False,True
2021-05-01,110.0,91.16677,73.38416,109.11266,False,False
2021-05-02,110.0,121.8173,104.12771,139.72343,False,True
2021-05-03,92.0,100.77337,83.26547,118.162,False,True
2021-05-04,93.0,68.50712,50.819668,86.28104,False,False
2021-05-05,90.0,66.56368,48.247723,84.465546,False,False
2021-05-06,91.0,57.541004,40.0644,75.88268,True,False
2021-05-07,99.0,82.0432,64.17572,100.03172,False,True
2021-05-08,96.0,86.22229,66.57358,105.34366,False,True
2021-05-09,85.0,117.56126,98.87175,136.73108,False,False
2021-05-10,100.0,126.44598,106.63968,146.41273,False,False
2021-05-11,88.0,94.34625,76.3988,111.45594,False,True
2021-05-12,96.0,82.629196,65.268265,100.97126,False,True
2021-05-13,86.0,66.026215,47.93885,84.1357,False,False
2021-05-14,87.0,88.74689,70.2935,106.54256,False,True
2021-05-15,97.0,89.61798,70.634705,108.88685,True,True
2021-05-16,138.0,124.48724,105.99807,143.42024,True,True
2021-05-17,105.0,109.52377,91.59644,128.24377,True,True
2021-05-18,93.0,87.48261,68.39014,106.317535,False,True
2021-05-19,92.0,77.24295,59.14192,95.78942,False,True
2021-05-20,77.0,67.154884,49.24089,85.7589,False,True
2021-05-21,94.0,93.118866,74.06125,112.13761,False,True
2021-05-22,86.0,93.33771,74.15293,112.93603,False,True
2021-05-23,90.0,135.1751,116.1197,154.30714,True,False
2021-05-24,121.0,114.279106,95.11927,133.76787,False,True
2021-05-25,86.0,95.71999,76.37632,114.67195,False,True
2021-05-26,158.0,91.10204,72.915955,110.31905,False,False
2021-05-27,154.0,87.72962,69.137,107.0842,False,False
2021-05-28,150.0,115.4519,96.124214,134.6939,False,False
2021-05-29,167.0,117.77141,98.28166,137.47624,False,False
2021-05-30,142.0,158.23335,138.84517,177.3669,True,True
2021-05-31,209.0,147.36392,128.25124,166.7523,False,False
2021-06-01,144.0,115.35773,97.240585,133.59244,False,False
2021-06-02,111.0,100.497734,82.79841,118.92699,True,True
2021-06-03,118.0,89.612434,71.8203,107.99488,False,False
2021-06-04,83.0,115.28661,97.13462,133.21835,False,False
2021-06-05,101.0,121.63176,102.33016,140.85455,False,False
2021-06-06,131.0,156.27266,137.46228,174.93275,False,False
2021-06-07,101.0,144.56197,125.580185,163.38524,True,False
2021-06-08,114.0,111.6535,92.77366,130.1293,False,True
2021-06-09,99.0,92.28007,74.75827,110.6098,True,True
2021-06-10,121.0,87.71591,69.555984,106.41973,False,False
2021-06-11,110.0,103.07929,84.926,121.61738,False,True
2021-06-12,104.0,94.45643,74.6111,114.228905,False,True
2021-06-13,122.0,133.81665,113.628006,154.06943,False,True
2021-06-14,121.0,117.0444,98.20965,136.13048,False,True
2021-06-15,113.0,97.54961,78.71529,116.4786,False,True
2021-06-16,119.0,85.48411,67.682655,104.10432,True,False
2021-06-17,114.0,67.682785,48.992554,86.50487,True,False
2021-06-18,83.0,82.37863,62.5275,102.089485,False,True
2021-06-19,124.0,81.041534,61.045635,101.92292,False,False
2021-06-20,159.0,116.75234,97.52289,136.35455,False,False
2021-06-21,222.0,102.044685,83.48089,121.039856,False,False
2021-06-22,219.0,76.330795,57.773037,95.33267,False,False
2021-06-23,104.0,67.5341,49.48513,85.84255,False,False
2021-06-24,105.0,60.35587,41.409866,79.31909,False,False
2021-06-25,85.0,86.154175,67.117096,106.13388,False,True
2021-06-26,94.0,86.58183,67.117935,106.6454,False,True
2021-06-27,114.0,120.25389,101.19259,139.59119,False,True
2021-06-28,97.0,97.95501,78.898895,116.97773,False,True
2021-06-29,99.0,67.64821,47.31729,87.78646,False,False
2021-06-30,83.0,44.841545,21.085615,67.54358,True,False
2021-07-01,83.0,31.78767,9.263375,52.98366,False,False
2021-07-02,63.0,54.314396,32.096916,76.725334,False,True
2021-07-03,62.0,72.48697,50.799614,93.9883,True,True
2021-07-04,105.0,111.37294,90.82887,130.76645,False,True
2021-07-05,126.0,88.20773,68.878075,107.30667,False,False
2021-07-06,129.0,65.94082,47.200237,83.25493,False,False
2021-07-07,105.0,67.03439,48.048584,85.7082,True,False
2021-07-08,123.0,56.960354,38.390614,75.06154,False,False
2021-07-09,95.0,78.33515,60.132496,96.77742,False,True
2021-07-10,88.0,98.78964,78.53366,118.412,False,True
2021-07-11,168.0,156.87744,134.23648,178.67114,False,True
2021-07-12,129.0,119.06919,100.34083,137.88568,False,True
2021-07-13,131.0,96.4927,77.997215,114.91695,False,False
2021-07-14,98.0,82.55575,61.896725,103.55247,False,True
2021-07-15,98.0,64.723595,45.345222,83.81282,False,False
2021-07-16,86.0,95.75942,77.28699,115.384476,False,True
2021-07-17,77.0,87.73395,67.864746,108.764404,False,True
2021-07-18,102.0,135.54709,114.5907,156.36543,True,False
2021-07-19,116.0,116.64693,96.56105,137.5247,False,True
2021-07-20,114.0,107.62616,87.77291,127.14338,False,True
2021-07-21,76.0,127.5377,103.64383,152.58553,False,False
2021-07-22,129.0,111.557,90.529274,133.11751,False,True
2021-07-23,120.0,134.16728,113.43636,155.39357,False,True
2021-07-24,124.0,133.52519,111.733215,156.52808,False,True
2021-07-25,179.0,183.98616,161.16064,206.81631,False,True
2021-07-26,130.0,147.43208,126.19558,169.79663,False,True
2021-07-27,120.0,126.444984,104.524475,149.05598,False,True
2021-07-28,119.0,122.6315,101.563545,145.1307,True,True
2021-07-29,125.0,93.49611,72.710396,115.633194,False,False
2021-07-30,69.0,101.269554,79.10824,123.95722,True,False
2021-07-31,96.0,80.66616,56.18581,106.17048,False,True
2021-08-01,128.0,104.91194,80.24496,129.19704,False,True
2021-08-02,83.0,82.84298,59.77892,105.46026,False,True
2021-08-03,100.0,66.12231,44.63036,87.10766,False,False
2021-08-04,89.0,65.0565,44.353096,86.13076,False,False
2021-08-05,96.0,53.52041,32.31186,73.94989,False,False
2021-08-06,85.0,84.50314,64.30774,105.589485,False,True
2021-08-07,103.0,100.28573,78.388,122.47351,False,True
2021-08-08,143.0,141.47356,118.82825,163.84944,False,True
2021-08-09,148.0,125.70425,103.56298,147.20735,False,False
2021-08-10,128.0,76.09783,53.132305,97.93576,False,False
2021-08-11,114.0,62.55951,40.25743,85.091835,False,False
2021-08-12,100.0,50.815563,29.9065,72.049225,False,False
2021-08-13,88.0,71.68463,49.94103,93.58029,False,True
2021-08-14,99.0,76.52841,54.34573,98.55993,False,False
2021-08-15,108.0,110.0288,87.1965,131.9687,True,True
2021-08-16,85.0,87.14648,65.10301,108.909195,False,True
2021-08-17,113.0,61.1315,38.593998,82.23572,False,False
2021-08-18,81.0,52.35662,29.360676,74.60625,False,False
2021-08-19,65.0,37.334557,14.345767,59.20642,False,False
2021-08-20,73.0,59.263535,36.34201,82.1375,False,True
2021-08-21,80.0,58.99978,35.00609,82.38346,True,True
2021-08-22,95.0,87.81237,61.5826,111.78447,False,True
2021-08-23,80.0,50.469025,18.045912,81.65886,False,True
2021-08-24,66.0,6.576903,-18.621128,30.92532,False,False
2021-08-25,84.0,57.593746,33.06941,81.21345,False,False
2021-08-26,151.0,-62.982464,-107.78527,-18.85764,False,False
2021-08-27,118.0,69.467834,37.913525,100.14751,True,False
2021-08-28,141.0,30.69979,-6.378099,67.67011,False,False
2021-08-29,136.0,102.28627,71.631485,132.65178,False,False
2021-08-30,117.0,113.14777,90.122894,136.82796,False,True
2021-08-31,122.0,167.34883,146.10881,187.17183,False,False
2021-09-01,106.0,115.83536,93.62182,138.1844,False,True
2021-09-02,137.0,117.87263,97.95078,138.06297,False,True
2021-09-03,112.0,101.98609,80.997025,123.92184,False,True
2021-09-04,109.0,70.43034,46.28564,94.89666,False,False
2021-09-05,132.0,124.33288,101.54005,147.50269,True,True
2021-09-06,168.0,176.49231,155.72897,197.5218,False,True
2021-09-07,131.0,118.93423,97.62044,140.97177,False,True
2021-09-08,127.0,104.52673,81.80945,127.93232,False,True
2021-09-09,137.0,125.12183,103.5075,146.57594,False,True
2021-09-10,119.0,141.90233,120.66127,163.6942,True,False
2021-09-11,130.0,133.69635,111.91585,156.33842,False,True
2021-09-12,170.0,211.80215,191.44588,232.14659,False,False
2021-09-13,141.0,143.04498,122.92996,164.30882,False,True
2021-09-14,146.0,158.60052,139.21661,177.77724,False,True
2021-09-15,127.0,107.390594,86.81216,128.66298,False,True
2021-09-16,132.0,125.23435,105.41677,145.58232,False,True
2021-09-17,107.0,117.18415,97.07136,137.01329,False,True
2021-09-18,107.0,92.61752,70.802536,115.121864,False,True
2021-09-19,170.0,190.31682,170.33266,209.63004,False,False
2021-09-20,126.0,135.79568,115.47619,156.66081,False,True
2021-09-21,145.0,160.71953,140.32423,180.77998,False,True
2021-09-22,139.0,111.516975,90.11363,133.78601,False,False
2021-09-23,110.0,158.72792,139.0033,178.36226,False,False
2021-09-24,90.0,131.82007,111.92314,151.36992,False,False
2021-09-25,125.0,178.96072,159.64693,198.78227,False,False
2021-09-26,135.0,150.3403,127.947266,173.0054,False,True
2021-09-27,138.0,131.51811,110.93741,153.21075,False,True
2021-09-28,142.0,189.17316,170.1594,208.5818,False,False
2021-09-29,137.0,136.8628,117.037186,157.35667,False,True
2021-09-30,118.0,91.74624,66.72225,117.8126,True,False
2021-10-01,124.0,197.36514,176.95685,217.4011,False,False
2021-10-02,148.0,133.27675,113.446434,153.8617,False,True
2021-10-03,137.0,160.0487,139.28339,181.27824,False,False
2021-10-04,131.0,163.5891,144.22314,183.41167,False,False
2021-10-05,136.0,126.87348,105.93651,148.02357,False,True
2021-10-06,102.0,83.79648,59.12282,108.35386,False,True
2021-10-07,126.0,174.78331,154.40831,195.09372,False,False
2021-10-08,120.0,145.30902,124.109856,166.12067,True,False
2021-10-09,109.0,131.82787,108.7886,155.78926,True,True
2021-10-10,145.0,259.41483,238.23184,280.48154,False,False
2021-10-11,126.0,161.00131,135.12935,187.90965,True,False
2021-10-12,160.0,213.20346,192.2578,234.49724,False,False
2021-10-13,139.0,144.67993,123.632935,166.35199,True,True
2021-10-14,126.0,133.9119,111.906204,155.40547,False,True
2021-10-15,119.0,125.6678,102.677315,148.00156,False,True
2021-10-16,119.0,90.79458,65.238365,118.94076,False,False
2021-10-17,139.0,121.64767,97.65532,147.89612,True,True
2021-10-18,116.0,128.72066,107.99006,151.64076,False,True
2021-10-19,126.0,141.14772,122.401825,160.30185,False,True
2021-10-20,120.0,168.01794,149.51836,187.22472,False,False
2021-10-21,140.0,108.15838,89.34718,127.28084,False,False
2021-10-22,113.0,106.47726,87.03449,126.167404,False,True
2021-10-23,131.0,96.93797,74.27852,120.78792,True,False
2021-10-24,162.0,217.81071,196.13243,239.20724,False,False
2021-10-25,121.0,129.47073,109.04682,150.70648,False,True
2021-10-26,137.0,123.73512,102.29399,144.15637,False,True
2021-10-27,125.0,86.64061,65.11607,109.35807,False,False
2021-10-28,133.0,113.59734,90.897385,134.92935,False,True
2021-10-29,127.0,129.51663,109.45486,149.59625,False,True
2021-10-30,142.0,62.92955,35.525223,90.20346,False,False
2021-10-31,127.0,125.68374,96.19205,155.0387,True,True
2021-11-01,154.0,132.9186,110.6397,155.60735,False,True
2021-11-02,168.0,76.049324,48.59427,104.054375,True,False
2021-11-03,124.0,115.17697,88.83195,143.10297,False,True
2021-11-04,141.0,62.27123,31.63165,93.88124,False,False
2021-11-05,103.0,76.25753,48.244907,104.55853,False,True
2021-11-06,123.0,161.84988,131.81775,191.20695,False,False
2021-11-07,167.0,188.15434,152.87805,223.60287,True,True
2021-11-08,133.0,158.47322,133.81784,183.52837,False,False
2021-11-09,320.0,208.90811,174.1268,244.21231,False,False
2021-11-10,280.0,174.84575,146.06499,204.93648,True,False
2021-11-11,334.0,213.32419,183.37573,242.90657,False,False
2021-11-12,245.0,200.45781,162.23218,240.91583,False,False
2021-11-13,227.0,267.3837,236.16855,298.66068,False,False
2021-11-14,325.0,254.12105,220.12198,288.59677,False,False
2021-11-15,237.0,234.92484,204.38264,266.69318,False,True
2021-11-16,272.0,256.06952,224.00957,287.86234,False,True
2021-11-17,182.0,201.89287,171.29755,233.10768,False,True
2021-11-18,266.0,169.46413,134.69139,204.9776,True,False
2021-11-19,191.0,193.54256,169.70456,218.49863,False,True
2021-11-20,155.0,164.5925,138.70772,191.72672,False,True
2021-11-21,187.0,249.45131,226.33736,272.75677,True,False
2021-11-22,519.0,321.47986,291.2139,353.48657,False,False
2021-11-23,303.0,261.07007,233.89499,287.93665,False,False
2021-11-24,207.0,200.68901,177.91345,223.50574,False,True
2021-11-25,190.0,582.13403,541.0266,623.4707,False,False
2021-11-26,655.0,713.91595,673.0421,754.03796,False,False
2021-11-27,290.0,721.1859,680.2113,761.99207,False,False
2021-11-28,229.0,713.4599,672.63745,754.36993,False,False
2021-11-29,503.0,696.01385,657.9111,737.0186,False,False
2021-11-30,198.0,196.06136,175.36821,216.10582,False,True
2021-12-01,133.0,160.68817,142.37755,178.98816,False,False
2021-12-02,133.0,214.0583,194.67589,234.45134,False,False
2021-12-03,136.0,181.52068,163.91458,199.568,True,False
2021-12-04,125.0,163.52156,144.6814,182.70776,False,False
2021-12-05,187.0,221.77448,201.9979,241.935,False,False
2021-12-06,167.0,173.68823,155.1568,191.99197,False,True
2021-12-07,151.0,187.87813,170.08086,206.63193,True,False
2021-12-08,138.0,156.5309,138.0666,174.5784,False,False
2021-12-09,182.0,119.74327,99.763306,140.1913,False,False
2021-12-10,167.0,191.46988,173.15796,209.66037,False,False
2021-12-11,148.0,144.14587,124.636795,163.5504,False,True
2021-12-12,232.0,217.81549,198.2427,237.91245,True,True
2021-12-13,163.0,160.59752,141.64761,179.14452,False,True
2021-12-14,156.0,200.3364,180.85852,221.03635,True,False
2021-12-15,142.0,181.39204,162.20355,199.96255,False,False
2021-12-16,135.0,140.2367,122.69326,158.26622,True,True
2021-12-17,106.0,166.83168,149.4869,184.15837,False,False
2021-12-18,121.0,135.45708,116.71507,154.5447,False,True
2021-12-19,110.0,205.63843,186.97025,224.30482,False,False
2021-12-20,88.0,166.65276,147.96815,184.72392,False,False
2021-12-21,98.0,151.50327,133.90053,169.51053,False,False
2021-12-22,83.0,123.64484,104.18077,142.77275,False,False
2021-12-23,94.0,113.43647,94.37864,133.16672,True,False
2021-12-24,105.0,170.791,152.44876,189.05363,False,False
2021-12-25,97.0,146.83517,122.812935,169.63145,False,False
2021-12-26,140.0,143.91238,120.05267,165.95285,False,True
2021-12-27,104.0,147.34435,127.04582,167.0714,False,False
2021-12-28,114.0,116.36844,95.81978,136.89465,False,True
2021-12-29,155.0,196.76068,178.15591,215.47821,True,False
2021-12-30,114.0,134.26752,116.14799,152.1655,False,False
2021-12-31,144.0,223.93665,204.39471,242.44124,False,False
2022-01-01,137.0,194.64845,174.72977,214.91972,False,False
2022-01-02,208.0,316.21228,294.35062,339.08862,False,False
2022-01-03,132.0,238.42314,218.2804,258.81912,False,False
2022-01-04,148.0,264.45972,244.7569,284.96954,False,False
2022-01-05,134.0,193.44838,171.03038,215.26572,False,False
2022-01-06,194.0,246.3737,226.93077,266.13226,False,False
2022-01-07,134.0,213.14862,192.36366,233.18849,False,False
2022-01-08,139.0,191.89546,168.5852,215.02669,True,False
2022-01-09,173.0,282.65375,261.83514,303.68326,False,False
2022-01-10,131.0,223.3947,202.44377,244.24844,False,False
2022-01-11,138.0,218.25764,199.0098,238.05284,False,False
2022-01-12,133.0,153.48486,129.7466,176.43332,True,True
2022-01-13,178.0,219.11382,199.48926,240.18262,False,False
2022-01-14,127.0,166.78139,148.21829,186.30168,False,False
2022-01-15,106.0,149.11456,127.29719,170.47253,True,False
2022-01-16,132.0,179.6135,157.89175,200.3509,True,False
2022-01-17,121.0,123.891815,96.98157,150.64381,False,True
2022-01-18,451.0,249.47127,219.3417,279.0708,False,False
2022-01-19,276.0,171.18898,146.87892,197.91293,False,False
2022-01-20,194.0,123.984886,103.80763,146.02794,False,False
2022-01-21,141.0,162.97,142.32703,183.48969,False,False
2022-01-22,167.0,121.01864,98.95201,143.17952,False,False
2022-01-23,174.0,122.30438,100.142136,144.17621,False,False
2022-01-24,187.0,86.160034,64.748024,106.95413,False,False
2022-01-25,184.0,156.91542,135.70935,178.08788,False,False
2022-01-26,155.0,111.078926,91.3818,131.2391,False,False
2022-01-27,150.0,102.141075,82.27804,121.66811,True,False
2022-01-28,151.0,109.30848,90.31937,128.62811,False,False
2022-01-29,147.0,93.58482,73.4723,114.52996,False,False
2022-01-30,314.0,268.78607,241.63667,294.48654,False,False
2022-01-31,175.0,193.08646,173.22595,212.89081,False,True
2022-02-01,265.0,218.01299,195.87125,239.7668,False,False
2022-02-02,175.0,144.88022,127.078995,163.30952,False,False
2022-02-03,1082.0,197.11336,175.19043,219.20857,True,False
2022-02-04,1078.0,182.55254,162.39998,204.03357,False,False
2022-02-05,187.0,189.82603,171.72478,208.57431,False,True
2022-02-06,215.0,194.95233,176.3842,213.99089,False,False
2022-02-07,159.0,174.04759,154.55785,194.0346,False,True
2022-02-08,190.0,201.48267,181.18025,221.98758,True,True
2022-02-09,120.0,167.63766,148.92064,186.84027,False,False
2022-02-10,155.0,150.22855,130.85623,169.1757,True,True
2022-02-11,193.0,200.28886,179.02185,221.95052,True,True
2022-02-12,145.0,165.14041,146.38881,184.04483,False,False
2022-02-13,216.0,200.06401,179.66905,219.83627,True,True
2022-02-14,174.0,173.23471,154.75824,191.85684,False,True
2022-02-15,156.0,142.98462,125.19833,160.85866,False,True
2022-02-16,178.0,116.281456,97.49365,135.39711,False,False
2022-02-17,135.0,113.40491,92.863495,134.14778,False,False
2022-02-18,196.0,139.66245,120.5574,158.62631,False,False
2022-02-19,190.0,185.38127,166.5026,204.10011,False,True
2022-02-20,177.0,192.79582,173.9544,211.83086,False,True
2022-02-21,237.0,258.593,232.50127,284.39374,False,True
2022-02-22,199.0,206.03119,186.02339,225.45697,False,True
2022-02-23,142.0,161.60239,141.60703,181.46529,False,True
2022-02-24,180.0,173.95233,154.35434,194.01468,True,True
2022-02-25,144.0,177.65457,158.64926,196.42223,False,False
2022-02-26,132.0,165.60234,146.61307,184.20776,False,False
2022-02-27,164.0,185.7484,166.17328,205.5636,False,False
2022-02-28,199.0,231.45125,210.53764,252.3211,False,False
2022-03-01,145.0,158.32068,140.30496,175.81647,False,True
2022-03-02,166.0,137.19446,118.425415,155.78638,True,False
2022-03-03,140.0,137.74178,119.14353,156.10144,False,True
2022-03-04,143.0,154.56128,135.60297,173.14171,True,True
2022-03-05,144.0,179.20786,160.79971,197.54782,False,False
2022-03-06,174.0,178.3752,159.55403,197.55812,False,True
2022-03-07,151.0,160.69273,142.41132,179.22826,False,True
2022-03-08,155.0,174.64195,156.0074,192.65858,False,False
2022-03-09,131.0,127.63161,109.56656,145.83266,True,True
2022-03-10,139.0,145.64302,127.04542,163.78693,False,True
2022-03-11,108.0,143.03145,124.74992,160.87653,True,False
2022-03-12,156.0,135.58797,117.14577,154.57013,False,False
2022-03-13,250.0,285.46326,260.01358,309.9096,False,False
2022-03-14,182.0,219.7145,200.17186,240.01093,False,False
2022-03-15,209.0,159.04393,110.69185,206.20724,False,False
2022-03-16,161.0,151.63535,104.02418,198.75935,False,True
2022-03-17,172.0,137.1337,90.52146,186.32437,True,True
2022-03-18,180.0,176.44884,157.55708,194.70767,True,True
2022-03-19,139.0,170.60583,152.7403,188.31093,True,False
2022-03-20,174.0,221.39581,203.02039,239.21985,True,False
2022-03-21,192.0,210.77502,191.26479,229.33727,False,True
2022-03-22,172.0,172.01561,153.02713,190.12476,False,True
2022-03-23,181.0,133.96533,116.53969,151.9754,False,False
2022-03-24,151.0,166.83565,148.29031,185.90315,False,True
2022-03-25,137.0,154.62993,136.17056,172.30045,False,True
2022-03-26,171.0,145.72046,125.91431,165.69775,False,False
2022-03-27,178.0,172.61974,152.0625,192.71407,False,True
2022-03-28,183.0,184.15855,165.4806,202.26395,False,True
2022-03-29,197.0,210.39859,190.30559,230.31319,False,True
2022-03-30,163.0,159.56548,140.91135,177.5227,False,True
2022-03-31,191.0,188.54514,169.2073,207.33563,True,True
2022-04-01,174.0,308.30527,278.66507,337.1404,False,False
2022-04-02,143.0,220.5363,201.85254,238.54216,False,False
2022-04-03,211.0,264.93652,245.07852,284.53442,False,False
2022-04-04,161.0,231.88188,212.69946,250.92726,False,False
2022-04-05,133.0,220.51244,200.53452,240.30975,False,False
2022-04-06,141.0,158.96317,141.67165,176.6751,True,False
2022-04-07,174.0,188.49184,170.38979,206.5236,True,True
2022-04-08,135.0,175.21384,157.80074,192.10051,False,False
2022-04-09,148.0,203.98213,186.6057,221.48003,False,False
2022-04-10,161.0,194.21913,176.52502,212.47923,False,False
2022-04-11,130.0,204.8625,187.35208,222.38603,True,False
2022-04-12,176.0,171.93933,154.63452,189.07446,True,True
2022-04-13,196.0,231.88745,211.98662,252.17204,False,False
2022-04-14,157.0,166.8367,149.13919,184.05753,False,True
2022-04-15,195.0,191.52379,173.30084,208.57616,True,True
2022-04-16,208.0,175.44258,155.1328,196.24156,False,False
2022-04-17,226.0,221.17903,200.82564,241.37154,True,True
2022-04-18,253.0,227.53024,207.7101,248.11162,False,False
2022-04-19,242.0,246.59337,227.36421,266.6182,False,True
2022-04-20,262.0,244.74278,225.1989,264.4145,False,True
2022-04-21,256.0,216.84644,198.32005,235.16533,False,False
2022-04-22,257.0,229.8865,209.91234,250.34837,False,False
2022-04-23,305.0,240.04506,218.51233,262.38525,False,False
2022-04-24,419.0,294.78177,271.91745,317.31772,False,False
2022-04-25,286.0,318.64874,294.89233,342.0591,True,False
2022-04-26,356.0,319.1734,294.04498,344.32855,True,False
2022-04-27,316.0,324.8138,301.9219,347.3537,False,True
2022-04-28,295.0,277.84848,255.27805,299.95425,False,True
2022-04-29,250.0,292.8323,272.70392,314.04443,False,False
2022-04-30,300.0,324.04373,302.19037,346.58694,False,False
2022-05-01,335.0,340.08167,319.8494,360.6369,False,True
2022-05-02,325.0,323.73508,302.21744,344.02957,True,True
2022-05-03,306.0,276.27707,255.04262,299.05908,False,False
2022-05-04,285.0,292.18253,272.1811,313.29984,False,True
2022-05-05,187.0,263.80862,242.52226,286.21017,False,False
2022-05-06,203.0,291.97223,271.11398,313.42093,False,False
2022-05-07,219.0,258.66934,240.14185,277.1134,True,False
2022-05-08,237.0,322.98233,302.99197,343.4383,False,False
2022-05-09,226.0,284.52625,265.6495,303.74988,False,False
2022-05-10,192.0,229.19188,210.33592,248.02704,True,False
2022-05-11,222.0,267.68683,248.8067,288.00638,False,False
2022-05-12,246.0,236.20935,218.13748,254.7558,False,True
2022-05-13,193.0,272.62308,254.74956,290.64615,True,False
2022-05-14,203.0,238.89532,220.95442,257.32413,True,False
2022-05-15,211.0,266.8067,248.37468,285.1697,False,False
2022-05-16,211.0,245.74507,228.46147,263.18378,False,False
2022-05-17,226.0,241.559,223.58879,259.78452,False,True
2022-05-18,197.0,190.1594,172.41411,208.85918,True,True
2022-05-19,178.0,199.83302,182.3082,217.3794,True,False
2022-05-20,179.0,187.0034,169.56955,204.05373,False,True
2022-05-21,248.0,251.25519,230.42578,271.62396,False,True
2022-05-22,232.0,226.72548,207.38815,246.32365,False,True
2022-05-23,185.0,214.96455,196.42068,233.54816,False,False
2022-05-24,222.0,227.60927,208.7721,246.44493,False,True
2022-05-25,147.0,183.17628,164.61908,201.00441,False,False
2022-05-26,179.0,157.92906,139.39334,176.69121,False,False
2022-05-27,239.0,260.48157,239.57954,280.0527,True,False
2022-05-28,218.0,260.346,239.82628,280.65445,False,False
2022-05-29,229.0,258.99896,240.26399,277.4322,True,False
2022-05-30,254.0,256.62332,238.06029,274.76047,False,True
2022-05-31,211.0,224.87059,206.07793,244.09352,False,True
2022-06-01,192.0,199.66031,181.7007,217.2138,False,True
2022-06-02,185.0,173.56647,155.22426,192.50516,False,True
2022-06-03,207.0,231.85123,214.0251,248.74947,False,False
2022-06-04,226.0,195.1577,175.97195,213.50151,True,False
2022-06-05,269.0,200.3618,174.03047,227.12852,False,False
2022-06-06,254.0,204.30225,180.3333,228.50452,False,False
2022-06-07,242.0,163.50322,132.99808,194.41393,False,False
2022-06-08,239.0,281.94675,261.19708,303.66592,False,False
2022-06-09,234.0,214.99855,196.81383,232.65472,False,False
2022-06-10,246.0,265.41348,246.87779,283.30655,True,False
2022-06-11,227.0,232.86981,215.4018,250.51494,False,True
2022-06-12,243.0,284.41818,266.99088,302.08994,False,False
2022-06-13,234.0,268.10553,250.01428,285.9014,False,False
2022-06-14,217.0,255.21016,237.37675,273.6605,False,False
2022-06-15,264.0,232.32663,215.36783,250.08282,False,False
2022-06-16,247.0,266.19754,246.35977,285.17734,True,True
2022-06-17,253.0,256.3046,238.17508,273.86386,False,True
2022-06-18,278.0,247.2126,228.52821,266.4083,True,False
2022-06-19,318.0,292.90393,273.94077,311.29156,False,False
2022-06-20,286.0,245.98477,227.9738,263.6962,False,False
2022-06-21,268.0,210.5105,192.98732,228.6399,False,False
2022-06-22,276.0,225.51886,208.32294,243.07292,False,False
2022-06-23,254.0,196.94308,179.46342,214.89943,True,False
2022-06-24,225.0,252.92407,234.90604,269.91278,False,False
2022-06-25,324.0,231.22693,212.91985,250.21408,False,False
2022-06-26,327.0,272.57806,252.18454,291.30826,False,False
2022-06-27,308.0,268.34366,248.97606,287.96335,False,False
2022-06-28,302.0,274.11386,256.24667,293.3031,False,False
2022-06-29,292.0,237.85672,220.69022,256.38904,True,False
2022-06-30,279.0,274.33765,255.0872,293.66348,False,True
2022-07-01,245.0,262.73438,243.53616,281.88602,False,True
2022-07-02,327.0,298.0537,279.04468,317.902,False,False
2022-07-03,262.0,296.68085,276.49088,316.10312,True,False
2022-07-04,281.0,295.14044,276.28326,313.88538,False,True
2022-07-05,303.0,267.6099,247.71346,287.72015,False,False
2022-07-06,289.0,253.97572,233.72888,274.47418,False,False
2022-07-07,324.0,291.88995,269.39648,315.0486,False,False
2022-07-08,304.0,283.7431,262.2505,304.70776,False,True
2022-07-09,314.0,281.8775,262.53995,302.10416,True,False
2022-07-10,334.0,342.4128,322.90845,362.3842,False,True
2022-07-11,292.0,334.76355,314.85397,354.76892,True,False
2022-07-12,442.0,365.92355,342.29425,390.90585,True,False
2022-07-13,467.0,327.10052,305.00378,350.49136,False,False
2022-07-14,257.0,258.0,241.2106,275.276,False,True
2022-07-15,232.0,260.1593,243.19832,278.45978,True,False
2022-07-16,288.0,319.71756,299.77448,339.99042,False,False
2022-07-17,319.0,317.97208,299.60034,336.23047,False,True
2022-07-18,257.0,290.10312,272.3638,307.2559,False,False
2022-07-19,295.0,242.9178,211.31607,274.78976,True,False
2022-07-20,259.0,233.15578,214.09103,252.99965,False,False
2022-07-21,277.0,251.62926,233.79535,268.97275,False,False
2022-07-22,246.0,250.70222,233.20653,268.62848,False,True
2022-07-23,272.0,250.09575,233.44714,267.65115,False,False
2022-07-24,314.0,331.88925,312.7024,351.3911,False,True
2022-07-25,257.0,295.82727,277.51874,313.27887,False,False
2022-07-26,319.0,324.27966,305.076,343.7686,False,True
2022-07-27,258.0,269.40173,251.64326,287.52176,False,True
2022-07-28,316.0,312.27512,293.07153,331.75677,False,True
2022-07-29,275.0,297.41556,279.39545,314.09103,False,False
2022-07-30,298.0,292.38876,275.0949,310.70575,False,True
2022-07-31,338.0,364.828,345.23996,384.92984,False,False
2022-08-01,261.0,300.59644,283.29663,318.11234,True,False
2022-08-02,248.0,265.29654,248.14087,283.10245,False,False
2022-08-03,307.0,294.10995,276.29095,312.54297,True,True
2022-08-04,250.0,245.95784,225.4148,267.53342,False,True
2022-08-05,308.0,283.5115,265.2037,302.73212,False,False
2022-08-06,278.0,266.81754,249.49866,284.61465,False,True
2022-08-07,330.0,300.11594,282.44482,317.03903,False,False
2022-08-08,294.0,287.94073,270.98596,304.89853,False,True
2022-08-09,300.0,311.25574,293.93567,329.3087,False,True
2022-08-10,284.0,270.16592,252.77173,288.27408,False,True
2022-08-11,402.0,288.1555,271.32343,305.379,True,False
2022-08-12,288.0,293.66815,277.21854,311.1074,False,True
2022-08-13,333.0,331.60577,312.7087,350.90564,True,True
2022-08-14,350.0,337.69696,319.6674,355.46716,False,True
2022-08-15,336.0,331.50638,313.5068,349.107,False,True
2022-08-16,356.0,343.0386,324.5369,361.6836,False,True
2022-08-17,361.0,303.60947,284.40765,322.4649,False,False
2022-08-18,382.0,325.43912,306.9018,344.48706,False,False
2022-08-19,378.0,307.9449,290.0238,325.5181,False,False
2022-08-20,360.0,301.5916,283.92215,320.1196,False,False
2022-08-21,424.0,348.36975,330.79987,366.17062,True,False
2022-08-22,367.0,325.03128,271.46964,378.4806,False,True
2022-08-23,344.0,287.11935,235.87317,338.43802,False,False
2022-08-24,299.0,271.9863,219.89243,322.7809,False,True
2022-08-25,322.0,275.27475,223.32965,329.53888,False,True
2022-08-26,276.0,301.54904,250.8458,353.3077,False,True
2022-08-27,308.0,316.81052,299.45834,334.89435,False,True
2022-08-28,343.0,329.27307,311.5956,347.21957,True,True
2022-08-29,265.0,311.01538,292.32513,329.37302,True,False
2022-08-30,320.0,306.97296,284.70465,329.09177,False,True
2022-08-31,313.0,272.15976,252.21045,292.5744,True,False
2022-09-01,281.0,262.2756,243.80214,279.55927,False,False
2022-09-02,263.0,273.468,255.65553,291.21848,False,True
2022-09-03,248.0,270.56998,252.80139,289.19098,True,False
2022-09-04,263.0,331.5691,312.8988,350.06372,False,False
2022-09-05,331.0,286.6535,268.66437,304.50064,False,False
2022-09-06,261.0,284.24017,264.4706,304.11142,False,False
2022-09-07,236.0,240.89474,220.63275,262.29364,False,True
2022-09-08,232.0,245.54924,227.0813,264.27994,True,True
2022-09-09,244.0,237.87024,218.95609,255.85718,False,True
2022-09-10,284.0,277.3394,256.6141,297.3901,False,True
2022-09-11,363.0,287.29105,268.35303,305.4362,False,False
2022-09-12,269.0,289.5309,270.53683,308.13242,True,False
2022-09-13,260.0,302.15533,285.00775,319.4958,False,False
2022-09-14,287.0,265.09134,248.18172,282.5837,False,False
2022-09-15,354.0,310.69028,291.80917,329.45084,False,False
2022-09-16,256.0,295.37158,278.7533,311.7979,False,False
2022-09-17,321.0,319.92282,300.79562,339.25937,False,True
2022-09-18,341.0,327.7826,309.87018,345.27393,False,True
2022-09-19,386.0,368.31448,347.18686,389.37885,False,True
2022-09-20,318.0,312.84998,293.2047,332.42285,False,True
2022-09-21,327.0,300.28485,279.1455,321.44452,False,False
2022-09-22,340.0,264.89435,246.62508,283.12695,True,False
2022-09-23,204.0,258.8991,240.2972,277.00858,False,False
2022-09-24,300.0,294.84818,273.2954,315.9703,False,True
2022-09-25,287.0,288.50577,268.44754,307.94165,False,True
2022-09-26,276.0,267.2462,248.92673,285.62308,True,True
2022-09-27,280.0,272.93643,255.05716,290.9206,False,True
2022-09-28,262.0,242.3621,224.2743,260.46054,False,False
2022-09-29,283.0,247.8893,229.7542,266.32077,False,False
2022-09-30,294.0,242.67097,224.09991,261.4076,False,False
2022-10-01,304.0,261.90955,239.12553,285.5482,False,False
2022-10-02,406.0,324.83508,303.169,347.40112,False,False
2022-10-03,349.0,319.17856,298.77164,339.17682,False,False
2022-10-04,324.0,304.4223,286.29288,323.1631,False,False
2022-10-05,246.0,263.94232,245.33987,283.65512,True,True
2022-10-06,267.0,282.87244,265.1535,300.16046,False,True
2022-10-07,201.0,269.94095,252.79489,287.7839,False,False
2022-10-08,259.0,321.39606,301.9435,340.9757,False,False
2022-10-09,288.0,316.95267,297.7954,335.85452,False,False
2022-10-10,310.0,333.07544,313.11526,352.37595,False,False
2022-10-11,267.0,264.5401,246.47496,283.0549,False,True
2022-10-12,245.0,259.57275,240.13138,279.2433,False,True
2022-10-13,251.0,232.24426,214.39116,250.58095,False,False
2022-10-14,315.0,299.71872,281.35974,318.28552,False,True
2022-10-15,308.0,270.28906,251.98128,289.42047,False,False
2022-10-16,343.0,302.0524,283.31357,321.3904,False,False
2022-10-17,334.0,288.83392,270.93063,307.0487,False,False
2022-10-18,291.0,290.22458,271.26175,308.99298,True,True
2022-10-19,276.0,264.06192,246.15115,282.46,False,True
2022-10-20,308.0,277.78894,258.8509,296.02618,True,False
2022-10-21,293.0,281.01358,263.4008,299.18152,False,True
2022-10-22,362.0,326.4635,307.38452,346.77954,False,False
2022-10-23,381.0,338.34085,319.78653,356.94318,False,False
2022-10-24,324.0,308.505,291.0304,325.943,False,True
2022-10-25,338.0,316.20297,296.92557,334.64047,False,False
2022-10-26,330.0,280.87366,262.67883,299.0974,False,False
2022-10-27,369.0,317.3301,297.83237,335.93613,False,False
2022-10-28,331.0,316.872,296.21674,337.59833,False,True
2022-10-29,367.0,313.82242,293.21646,334.18094,False,False
2022-10-30,436.0,410.30768,390.35706,430.6513,False,False
2022-10-31,392.0,360.59357,342.69916,378.80255,False,False
2022-11-01,428.0,410.75528,391.1348,430.86826,False,True
2022-11-02,409.0,362.22067,344.53638,380.73148,False,False
2022-11-03,390.0,368.4978,351.3438,386.11978,False,False
2022-11-04,369.0,378.02203,361.73203,395.41992,True,True
2022-11-05,377.0,367.9485,350.01273,386.1289,False,True
2022-11-06,419.0,451.38794,432.28168,470.47916,False,False
2022-11-07,465.0,422.66763,404.4367,440.92993,False,False
2022-11-08,647.0,462.8426,440.3573,487.56833,True,False
2022-11-09,572.0,413.60205,393.08517,434.66022,False,False
2022-11-10,645.0,438.96368,418.1763,460.65964,False,False
2022-11-11,543.0,444.2736,424.81104,464.74863,False,False
2022-11-12,586.0,422.5727,404.10907,441.6767,False,False
2022-11-13,540.0,449.87354,429.55133,469.58752,False,False
2022-11-14,519.0,437.67136,417.10873,458.06033,True,False
2022-11-15,561.0,430.15283,410.7818,451.01047,False,False
2022-11-16,501.0,397.29794,377.11484,418.0015,True,False
2022-11-17,461.0,413.95538,395.25613,433.77,False,False
2022-11-18,456.0,415.17664,396.52417,435.1825,False,False
2022-11-19,561.0,465.2297,444.14526,487.17838,False,False
2022-11-20,501.0,439.43558,419.37317,459.10257,False,False
2022-11-21,511.0,437.13953,417.46503,456.87888,True,False
2022-11-22,489.0,396.33374,376.30927,417.15875,False,False
2022-11-23,437.0,362.67245,342.26065,383.98398,False,False
2022-11-24,602.0,786.2665,745.2981,827.3453,False,False
2022-11-25,1510.0,875.9462,836.55347,915.0684,False,False
2022-11-26,910.0,913.19006,873.06573,951.1848,False,True
2022-11-27,738.0,909.86206,869.8369,950.9337,False,False
2022-11-28,1180.0,885.4086,847.9358,925.63916,True,False
2022-11-29,632.0,399.7704,378.64514,421.68015,True,False
2022-11-30,403.0,374.3368,353.82413,394.86423,False,False
2022-12-01,372.0,321.06754,302.25113,340.59558,False,False
2022-12-02,270.0,333.15524,312.17538,354.3054,False,False
2022-12-03,353.0,353.88562,328.9968,378.55624,False,True
2022-12-04,347.0,316.33075,290.85983,341.9812,True,False
2022-12-05,336.0,318.36142,294.52563,342.7844,False,True
2022-12-06,317.0,266.67215,243.73314,289.76828,True,False
2022-12-07,333.0,255.64297,231.80316,279.99078,False,False
2022-12-08,335.0,256.42657,233.2698,279.0469,False,False
2022-12-09,335.0,343.6673,319.72183,367.64,True,True
2022-12-10,381.0,303.5554,282.23853,325.03748,False,False
2022-12-11,468.0,376.47028,355.82217,397.5937,True,False
2022-12-12,401.0,345.64746,324.9107,365.82248,False,False
2022-12-13,360.0,290.8052,270.70392,311.4853,True,False
2022-12-14,412.0,267.821,247.8278,287.7492,False,False
2022-12-15,355.0,227.8271,206.88383,247.9151,False,False
2022-12-16,473.0,316.89676,299.616,334.45468,False,False
2022-12-17,473.0,280.82205,259.87167,301.56808,False,False
2022-12-18,519.0,324.79062,302.52274,347.13895,False,False
2022-12-19,453.0,322.2898,304.2852,340.5483,False,False
2022-12-20,309.0,283.5108,264.43527,303.31607,False,False
2022-12-21,275.0,253.97842,234.44455,273.10092,True,False
2022-12-22,234.0,234.11147,214.2821,253.73012,False,True
2022-12-23,188.0,268.68848,250.08566,286.69888,False,False
2022-12-24,218.0,293.67566,274.91348,312.58777,True,False
2022-12-25,194.0,294.1105,270.12848,318.06647,True,False
2022-12-26,247.0,275.22253,252.22946,299.29257,False,False
2022-12-27,270.0,263.46826,241.64792,287.0208,False,True
2022-12-28,291.0,307.57895,285.25613,329.9915,False,True
2022-12-29,278.0,263.9242,242.85158,285.05872,False,True
2022-12-30,251.0,274.78314,253.74199,295.63324,False,False
2022-12-31,265.0,313.62656,290.00912,336.86377,False,False
2023-01-01,279.0,344.64084,322.39334,366.95398,False,False
2023-01-02,384.0,343.92874,320.02374,366.8561,False,False
2023-01-03,252.0,321.68796,300.47116,342.89084,False,False
2023-01-04,333.0,357.62344,335.53754,378.431,False,False
2023-01-05,298.0,313.04675,293.6365,332.9729,True,True
2023-01-06,273.0,354.1595,336.1055,373.38818,False,False
2023-01-07,280.0,324.64633,304.89102,344.38687,False,False
2023-01-08,319.0,348.32083,326.47244,369.38596,False,False
2023-01-09,263.0,340.13174,319.78146,360.26697,True,False
2023-01-10,300.0,346.67862,327.22952,367.0702,False,False
2023-01-11,256.0,312.9014,292.6001,332.9142,False,False
2023-01-12,296.0,333.02722,314.03244,352.4087,False,False
2023-01-13,253.0,325.5811,306.04907,345.6716,False,False
2023-01-14,280.0,355.62128,334.13837,376.89355,False,False
2023-01-15,272.0,368.58646,346.57825,390.44794,True,False
2023-01-16,326.0,367.31775,347.54587,387.82755,False,False
2023-01-17,257.0,334.40576,314.6754,354.50833,True,False
2023-01-18,266.0,358.50082,338.03363,378.96283,False,False
2023-01-19,251.0,308.17725,287.06424,329.46054,False,False
2023-01-20,231.0,311.42892,291.12048,332.12006,False,False
2023-01-21,342.0,368.8214,344.42996,392.57016,True,False
2023-01-22,357.0,358.87967,336.22174,381.53928,False,True
2023-01-23,312.0,327.82965,306.86417,348.4179,False,True
2023-01-24,292.0,332.5875,311.39047,353.17166,False,False
2023-01-25,286.0,314.3003,293.77505,334.25323,True,False
2023-01-26,379.0,360.66885,338.94794,383.01636,False,True
2023-01-27,292.0,371.6087,350.1627,392.65762,True,False
2023-01-28,355.0,356.27783,334.7791,377.98495,False,True
2023-01-29,454.0,408.0239,386.34808,430.0824,False,False
2023-01-30,328.0,392.58865,371.57016,411.97263,False,False
2023-01-31,405.0,408.16302,383.64395,430.14798,False,True
2023-02-01,377.0,417.16278,397.33026,437.08383,True,False
2023-02-02,349.0,374.58105,355.27042,393.89703,False,False
2023-02-03,368.0,383.62936,365.21304,402.43884,False,True
2023-02-04,415.0,413.19708,394.09033,432.57385,True,True
2023-02-05,439.0,416.63074,396.8802,436.15115,True,False
2023-02-06,359.0,397.22043,377.73248,416.8799,False,False
2023-02-07,449.0,428.3127,407.55,448.89462,False,False
2023-02-08,355.0,373.09933,353.69446,392.37128,False,True
2023-02-09,390.0,377.22186,358.13608,396.2286,False,True
2023-02-10,309.0,374.62744,354.35602,395.81177,False,False
2023-02-11,441.0,398.66565,378.12625,419.80963,False,False
2023-02-12,381.0,403.0794,381.93353,424.65146,False,False
2023-02-13,357.0,368.67554,347.9315,390.17487,True,True
2023-02-14,382.0,400.48163,378.29825,422.8359,True,True
2023-02-15,290.0,338.16745,317.03732,359.17538,False,False
2023-02-16,306.0,348.88846,327.31995,370.85043,True,False
2023-02-17,319.0,352.6274,331.547,373.82626,False,False
2023-02-18,405.0,391.37967,370.00314,412.08206,False,True
2023-02-19,342.0,375.44592,353.6106,396.44336,False,False
2023-02-20,342.0,382.10934,362.414,401.68445,False,False
2023-02-21,336.0,336.07043,314.9163,358.00735,True,True
2023-02-22,333.0,377.66995,355.16504,400.076,False,False
2023-02-23,245.0,340.2015,318.75778,361.18665,False,False
2023-02-24,294.0,331.83414,310.5449,352.53366,False,False
2023-02-25,421.0,369.29684,348.90457,389.74527,False,False
2023-02-26,453.0,352.58383,326.051,379.39563,False,False
2023-02-27,360.0,321.0067,294.8254,348.8479,True,False
2023-02-28,385.0,377.5833,357.9158,398.10828,False,True
2023-03-01,370.0,332.76642,309.76712,356.73102,False,False
2023-03-02,458.0,348.26508,323.61105,373.30923,False,False
2023-03-03,395.0,334.13034,309.58688,358.23276,False,False
2023-03-04,487.0,386.02505,361.5273,410.99704,True,False
2023-03-05,535.0,398.72064,375.73032,421.9247,True,False
2023-03-06,404.0,381.9806,357.57498,405.99182,False,True
2023-03-07,426.0,409.61414,384.08408,434.28012,False,True
2023-03-08,373.0,366.46606,345.80057,386.999,False,True
2023-03-09,371.0,371.14813,351.5617,390.3158,False,True
2023-03-10,387.0,374.02368,355.47113,392.71103,True,True
2023-03-11,482.0,426.8197,407.86694,445.93192,False,False
2023-03-12,546.0,404.03177,384.6001,423.1177,False,False
2023-03-13,419.0,397.49323,378.67767,416.8272,True,False
2023-03-14,434.0,412.13925,393.8775,430.61646,False,False
2023-03-15,425.0,383.6451,364.45734,402.0585,False,False
2023-03-16,439.0,375.53537,357.1894,393.71777,False,False
2023-03-17,429.0,392.67328,374.51657,410.802,False,False
2023-03-18,439.0,360.5757,339.6279,381.38095,False,False
2023-03-19,606.0,452.99893,434.60745,471.12097,False,False
2023-03-20,432.0,404.6332,386.40045,423.02203,False,False
2023-03-21,470.0,425.49045,406.62073,444.86526,False,False
2023-03-22,442.0,373.92056,355.39807,391.89505,False,False
2023-03-23,462.0,371.19193,351.47647,390.32315,True,False
2023-03-24,402.0,376.91,357.7016,395.72263,False,False
2023-03-25,514.0,402.94366,384.84967,421.3695,False,False
2023-03-26,520.0,415.07635,397.81128,432.57956,False,False
2023-03-27,407.0,398.61633,380.5749,417.1288,False,True
2023-03-28,340.0,368.37198,350.55185,386.95605,True,False
2023-03-29,377.0,357.5767,339.80438,375.47894,False,False
2023-03-30,356.0,318.8723,299.4841,338.44357,True,False
2023-03-31,396.0,354.62213,337.75687,372.42804,False,False
2023-04-01,437.0,341.92957,323.39276,360.28577,False,False
2023-04-02,438.0,403.48703,387.4057,420.19174,False,False
2023-04-03,422.0,370.6016,352.1393,389.81982,True,False
2023-04-04,385.0,371.03088,353.2666,389.60995,False,True
2023-04-05,333.0,341.54358,323.4304,359.722,False,True
2023-04-06,379.0,361.4543,343.98193,378.63022,False,False
2023-04-07,377.0,368.54565,351.96375,384.51712,False,True
2023-04-08,398.0,378.56204,361.4379,396.15994,True,False
2023-04-09,408.0,381.17722,363.63232,399.198,False,False
2023-04-10,340.0,366.4348,347.5446,384.57193,False,False
2023-04-11,355.0,345.83472,328.9943,363.19202,False,True
2023-04-12,314.0,319.49194,302.37073,336.66513,False,True
2023-04-13,363.0,317.94464,300.85504,335.09363,True,False
2023-04-14,310.0,305.66675,288.79495,322.5489,False,True
2023-04-15,330.0,320.6533,303.58978,337.97028,True,True
2023-04-16,435.0,381.0335,365.35422,397.26636,True,False
2023-04-17,375.0,345.71643,328.86322,362.25366,False,False
2023-04-18,338.0,309.25113,292.02472,326.89035,True,False
2023-04-19,310.0,327.26593,311.14764,343.74377,False,False
2023-04-20,346.0,323.92682,307.80716,340.78558,True,False
2023-04-21,300.0,317.24026,300.9121,333.66736,True,False
2023-04-22,344.0,366.26,348.04086,384.41675,False,False
2023-04-23,359.0,358.1134,340.2324,375.3729,True,True
2023-04-24,307.0,335.78183,318.6521,353.19717,True,False
2023-04-25,338.0,355.23276,339.39325,371.1612,False,False
2023-04-26,299.0,321.26355,304.37674,337.7321,True,False
2023-04-27,253.0,311.42648,294.92807,328.68024,False,False
2023-04-28,307.0,326.05576,307.7025,344.94693,False,False
2023-04-29,339.0,359.4798,339.30167,379.17056,False,False
2023-04-30,387.0,337.18747,319.39514,354.1722,False,False
2023-05-01,300.0,325.05447,307.07175,342.56982,False,False
2023-05-02,306.0,301.61917,283.86197,319.00427,False,True
2023-05-03,319.0,320.7837,303.18073,338.98984,False,True
2023-05-04,296.0,328.44418,310.7387,346.69473,False,False
2023-05-05,308.0,319.04767,302.75485,335.11487,True,True
2023-05-06,322.0,363.32684,343.8586,383.4159,False,False
2023-05-07,357.0,370.4891,352.11462,388.84988,True,True
2023-05-08,339.0,350.25406,333.15652,366.91904,False,True
2023-05-09,292.0,339.17255,323.32068,354.96634,True,False
2023-05-10,262.0,306.1836,289.81647,322.74042,False,False
2023-05-11,380.0,334.71677,318.14316,351.45715,False,False
2023-05-12,269.0,319.83752,303.49615,336.54657,False,False
2023-05-13,318.0,347.0201,328.78253,365.157,False,False
2023-05-14,354.0,354.6012,337.54025,371.12064,True,True
2023-05-15,330.0,331.88934,315.33234,348.25967,False,True
2023-05-16,401.0,337.08423,321.17532,353.39484,False,False
2023-05-17,270.0,301.00626,284.5087,317.0058,False,False
2023-05-18,305.0,334.38184,317.60236,351.50348,True,False
2023-05-19,273.0,312.53845,297.06796,328.01797,False,False
2023-05-20,299.0,383.69342,363.83063,403.23056,True,False
2023-05-21,289.0,356.7829,339.2287,374.07907,False,False
2023-05-22,282.0,321.05505,303.58676,337.15076,False,False
2023-05-23,341.0,350.7362,333.42084,367.87515,False,True
2023-05-24,236.0,309.97034,293.509,326.77405,False,False
2023-05-25,262.0,337.08456,320.24744,354.05054,False,False
2023-05-26,259.0,329.0801,312.1457,345.8641,False,False
2023-05-27,216.0,295.0532,275.71436,313.9933,False,False
2023-05-28,256.0,322.91174,304.35538,340.9052,True,False
2023-05-29,352.0,360.5936,343.37524,377.60706,False,True
2023-05-30,296.0,297.73862,279.99506,315.48813,True,True
2023-05-31,413.0,373.12628,353.2767,393.8247,True,False
2023-06-01,325.0,311.10825,294.28815,329.0181,False,True
2023-06-02,273.0,341.62393,323.28433,360.12994,False,False
2023-06-03,394.0,393.90466,373.0881,415.4806,True,True
2023-06-04,367.0,380.62143,363.09183,398.3787,True,True
2023-06-05,326.0,354.97375,336.79984,372.3884,False,False
2023-06-06,302.0,357.772,340.337,376.23666,False,False
2023-06-07,297.0,325.1446,307.36612,343.4771,False,False
2023-06-08,376.0,388.3923,368.01553,409.41278,False,True
2023-06-09,351.0,356.21924,338.3593,374.37537,False,True
2023-06-10,409.0,372.80707,351.46613,394.4735,False,False
2023-06-11,513.0,400.44717,381.73395,420.47256,False,False
2023-06-12,460.0,385.3422,366.53555,403.79343,False,False
2023-06-13,476.0,344.65707,327.56503,362.47073,True,False
2023-06-14,409.0,330.62314,314.03848,347.29315,False,False
2023-06-15,298.0,302.33502,285.07794,320.05963,False,True
2023-06-16,344.0,332.13385,313.80905,350.14835,True,True
2023-06-17,314.0,300.05127,280.5557,319.8746,True,True
2023-06-18,459.0,405.10248,383.73627,427.27484,False,False
2023-06-19,328.0,343.65085,324.95584,361.3829,False,True
2023-06-20,226.0,303.45303,283.98062,323.24704,False,False
2023-06-21,257.0,284.0684,266.71292,301.44165,False,False
2023-06-22,202.0,266.18576,247.36983,284.98798,False,False
2023-06-23,199.0,261.74545,242.98882,280.24088,False,False
2023-06-24,318.0,351.18127,329.14163,372.86664,False,False
2023-06-25,302.0,318.0364,298.9746,338.21436,False,True
2023-06-26,273.0,297.2544,278.08185,316.54727,False,False
2023-06-27,263.0,250.41365,232.05319,270.02463,False,True
2023-06-28,282.0,230.51956,211.23079,249.77252,False,False
2023-06-29,205.0,187.59053,164.07062,210.47629,False,True
2023-06-30,258.0,286.23187,263.40146,308.5623,True,False
2023-07-01,252.0,260.8679,239.69188,280.98947,False,True
2023-07-02,264.0,292.67987,271.61713,313.634,False,False
2023-07-03,250.0,281.27942,261.45227,301.0314,True,False
2023-07-04,248.0,245.77666,226.04707,265.85672,False,True
2023-07-05,209.0,256.5413,237.50717,275.43643,False,False
2023-07-06,298.0,313.35788,292.69684,333.18335,False,True
2023-07-07,257.0,314.66748,295.3354,333.55545,True,False
2023-07-08,227.0,277.49197,258.53568,297.3981,False,False
2023-07-09,261.0,307.05963,287.80286,326.93597,True,False
2023-07-10,207.0,287.543,269.02274,306.38373,True,False
2023-07-11,362.0,354.35904,330.2035,377.56152,False,True
2023-07-12,337.0,305.62454,285.03992,326.20822,False,False
2023-07-13,238.0,246.48901,227.42096,264.66855,False,True
2023-07-14,233.0,283.79602,265.40466,301.9787,False,False
2023-07-15,275.0,277.26096,258.6327,296.61963,True,True
2023-07-16,337.0,309.22195,288.0759,330.10464,False,False
2023-07-17,267.0,315.8323,296.34552,335.04752,True,False
2023-07-18,233.0,288.33136,269.41013,307.14304,False,False
2023-07-19,244.0,338.37927,318.41293,358.20242,False,False
2023-07-20,263.0,301.08557,281.81543,319.28165,False,False
2023-07-21,260.0,329.75763,309.0532,349.5226,False,False
2023-07-22,303.0,313.20053,291.45572,335.28583,True,True
2023-07-23,305.0,352.50885,329.95404,375.12466,False,False
2023-07-24,308.0,339.7443,319.29102,359.9896,False,False
2023-07-25,297.0,347.25677,327.4251,366.35522,False,False
2023-07-26,261.0,320.08368,298.89273,340.35974,False,False
2023-07-27,259.0,286.3029,266.30432,305.40518,False,False
2023-07-28,298.0,340.036,320.04916,359.356,True,False
2023-07-29,400.0,356.13702,332.78928,377.393,False,False
2023-07-30,415.0,423.64462,399.71802,446.39413,False,True
2023-07-31,524.0,465.602,440.87292,489.42047,False,False
2023-08-01,364.0,428.17566,406.70694,448.7081,False,False
2023-08-02,352.0,442.02036,419.38037,463.60144,False,False
2023-08-03,392.0,447.19412,425.51846,468.95544,True,False
2023-08-04,391.0,472.87152,448.66873,496.7936,False,False
2023-08-05,452.0,484.15533,458.17514,511.69135,False,False
2023-08-06,534.0,515.83136,491.02356,541.2292,False,True
2023-08-07,440.0,511.6895,487.45972,536.98,False,False
2023-08-08,530.0,523.87067,498.21152,549.9122,False,True
2023-08-09,410.0,498.9849,473.19156,525.6661,False,False
2023-08-10,370.0,472.76874,449.91907,496.21655,False,False
2023-08-11,474.0,504.367,481.5901,527.2316,False,False
2023-08-12,493.0,499.7544,476.75314,523.40656,False,True
2023-08-13,528.0,524.29364,501.40103,547.4567,True,True
2023-08-14,495.0,522.5711,500.56638,545.31995,False,False
2023-08-15,495.0,503.9481,481.34406,527.3064,False,True
2023-08-16,471.0,491.96338,468.4028,515.44635,True,True
2023-08-17,461.0,492.9762,470.87482,515.4201,True,False
2023-08-18,444.0,499.41714,476.51593,522.66174,False,False
2023-08-19,527.0,520.3621,498.35175,542.16943,False,True
2023-08-20,554.0,531.5029,509.29352,554.16437,True,True
2023-08-21,431.0,514.35565,491.7277,537.29083,False,False
2023-08-22,372.0,500.495,477.42358,523.6091,False,False
2023-08-23,396.0,498.21,476.3281,520.4468,False,False
2023-08-24,462.0,501.7724,480.92758,523.37317,False,False
2023-08-25,420.0,503.19598,481.81845,525.14417,True,False
2023-08-26,474.0,505.60788,483.5352,528.06146,False,False
2023-08-27,510.0,505.95694,484.17023,528.70435,True,True
2023-08-28,440.0,468.65894,448.05402,490.6691,False,False
2023-08-29,497.0,496.714,476.57425,518.6183,False,True
2023-08-30,543.0,465.39005,444.64957,485.63968,False,False
2023-08-31,630.0,475.1443,455.74887,494.4716,False,False
2023-09-01,525.0,466.87427,447.71936,485.94473,False,False
2023-09-02,517.0,463.7393,443.94366,483.13458,False,False
2023-09-03,678.0,545.5162,525.0648,565.1994,False,False
2023-09-04,845.0,421.16403,367.8516,467.1585,False,False
2023-09-05,525.0,456.5125,436.45294,476.48227,False,False
2023-09-06,466.0,445.77405,426.1969,465.61862,False,False
2023-09-07,363.0,427.3517,408.84622,446.42053,False,False
2023-09-08,426.0,456.22247,437.4103,475.28577,False,False
2023-09-09,400.0,433.04092,414.784,452.53586,False,False
2023-09-10,430.0,474.44144,454.53265,494.04962,False,False
2023-09-11,355.0,435.45724,417.3265,454.33154,False,False
2023-09-12,357.0,421.49033,401.95926,441.5285,False,False
2023-09-13,368.0,390.4262,371.2377,409.60623,False,False
2023-09-14,384.0,429.32388,409.1015,450.0543,False,False
2023-09-15,499.0,459.3108,437.18448,480.23837,False,False
2023-09-16,358.0,408.83475,390.16174,427.74536,False,False
2023-09-17,429.0,447.39252,428.90347,465.69052,False,True
2023-09-18,407.0,466.84412,446.50772,487.14334,False,False
2023-09-19,342.0,392.40356,373.018,412.19772,False,False
2023-09-20,361.0,424.55936,405.72702,443.6975,False,False
2023-09-21,366.0,384.2381,366.33463,402.59,False,False
2023-09-22,361.0,383.88138,365.5395,402.02637,True,False
2023-09-23,361.0,424.5011,406.65842,442.15802,True,False
2023-09-24,377.0,441.48697,423.2878,459.76627,False,False
2023-09-25,473.0,482.94043,463.31653,502.3383,False,True
2023-09-26,343.0,429.07816,410.27118,448.10815,False,False
2023-09-27,314.0,405.98703,388.66412,423.25864,False,False
2023-09-28,323.0,371.39624,352.41788,390.34686,False,False
2023-09-29,302.0,378.08105,358.50684,398.44672,False,False
2023-09-30,381.0,438.611,417.32913,460.07855,False,False
2023-10-01,405.0,442.11658,422.76663,461.72516,False,False
2023-10-02,377.0,431.5673,413.31232,449.75317,False,False
2023-10-03,316.0,401.27716,383.62402,419.59323,False,False
2023-10-04,309.0,400.0137,382.7469,417.4533,False,False
2023-10-05,371.0,441.72482,422.08585,461.8412,False,False
2023-10-06,373.0,472.804,449.90204,495.00363,True,False
2023-10-07,346.0,430.19574,410.56604,450.15225,False,False
2023-10-08,334.0,429.42276,410.7053,448.93646,False,False
2023-10-09,378.0,457.2053,436.59897,478.42197,False,False
2023-10-10,642.0,467.12875,445.4626,488.70557,True,False
2023-10-11,532.0,440.43518,420.1654,460.62518,False,False
2023-10-12,345.0,405.7702,386.70892,424.19394,False,False
2023-10-13,297.0,399.5133,381.00864,419.91458,False,False
2023-10-14,306.0,402.60675,384.1883,420.65018,False,False
2023-10-15,385.0,454.2807,436.0702,473.16132,False,False
2023-10-16,328.0,417.49127,398.2106,436.8155,False,False
2023-10-17,319.0,388.12128,369.83078,407.10077,True,False
2023-10-18,281.0,368.51468,350.6852,386.5389,False,False
2023-10-19,296.0,358.87735,340.25507,377.07413,False,False
2023-10-20,338.0,421.23108,401.47327,441.15213,False,False
2023-10-21,313.0,374.54755,353.95557,394.8497,False,False
2023-10-22,345.0,384.60333,362.0361,406.6989,False,False
2023-10-23,345.0,422.90076,401.81473,443.7257,False,False
2023-10-24,308.0,380.1633,359.67606,400.6059,False,False
2023-10-25,323.0,402.42545,382.61014,422.68518,False,False
2023-10-26,271.0,361.53812,341.62622,381.13223,False,False
2023-10-27,273.0,390.81946,370.57645,410.52274,False,False
2023-10-28,350.0,414.59274,393.40353,435.39346,False,False
2023-10-29,473.0,503.73456,482.5428,524.88196,False,False
2023-10-30,359.0,451.88098,431.642,471.87607,True,False
2023-10-31,311.0,420.83496,399.36893,441.9329,False,False
2023-11-01,377.0,474.15607,450.16135,497.23325,False,False
2023-11-02,307.0,441.08856,418.3011,462.90854,False,False
2023-11-03,374.0,518.31036,494.09967,540.82336,True,False
2023-11-04,336.0,469.76315,448.76526,489.82172,False,False
2023-11-05,452.0,517.4473,497.9423,536.55994,False,False
2023-11-06,373.0,468.57333,449.57144,487.62677,True,False
2023-11-07,288.0,433.20773,413.35785,453.1399,False,False
2023-11-08,411.0,475.4691,456.87054,494.03632,False,False
2023-11-09,351.0,452.60516,434.43228,470.4914,False,False
2023-11-10,563.0,517.3635,495.00708,539.6274,False,False
2023-11-11,492.0,486.14056,466.6501,505.3711,False,True
2023-11-12,522.0,497.23483,476.26038,517.55743,False,False
2023-11-13,453.0,510.03302,488.0433,531.74817,False,False
2023-11-14,453.0,458.366,436.2462,480.58878,False,True
2023-11-15,542.0,514.4062,492.0199,536.7276,False,False
2023-11-16,440.0,457.62488,438.6847,476.3876,False,True
2023-11-17,470.0,506.8068,486.66446,526.8771,False,False
2023-11-18,468.0,467.57666,448.34467,486.29745,True,True
2023-11-19,582.0,535.1577,515.39435,554.5274,False,False
2023-11-20,460.0,470.40375,450.54498,489.80856,False,True
2023-11-21,470.0,485.57016,466.22076,504.77768,False,True
2023-11-22,526.0,430.9828,413.21252,448.85123,True,False
2023-11-23,901.0,900.841,863.1929,940.84955,False,True
2023-11-24,2051.0,934.741,896.3775,973.524,False,False
2023-11-25,1194.0,940.01306,899.91504,978.7147,False,False
2023-11-26,1166.0,973.3468,934.15924,1014.44727,False,False
2023-11-27,1794.0,972.7268,934.9614,1012.7462,False,False
2023-11-28,595.0,465.2803,446.32822,485.04697,False,False
2023-11-29,416.0,434.87964,415.7827,453.30872,False,True
2023-11-30,382.0,387.63776,369.19687,406.06537,False,True
2023-12-01,424.0,434.58157,415.55972,453.7391,False,True
2023-12-02,482.0,415.58078,396.557,433.43008,False,False
2023-12-03,518.0,423.17624,404.57236,441.6011,False,False
2023-12-04,493.0,424.97882,406.35248,443.66553,False,False
2023-12-05,457.0,385.0928,366.51846,403.66138,False,False
2023-12-06,465.0,371.54977,353.86533,389.46017,False,False
2023-12-07,526.0,402.1494,384.1618,420.0177,True,False
2023-12-08,464.0,406.50607,387.09933,425.67902,False,False
2023-12-09,529.0,419.9448,400.27005,439.75403,True,False
2023-12-10,668.0,494.16696,473.62186,515.523,False,False
2023-12-11,540.0,456.58813,434.93274,476.91397,False,False
2023-12-12,535.0,421.03888,401.29282,440.80048,False,False
2023-12-13,583.0,431.3853,412.33942,450.19073,False,False
2023-12-14,629.0,397.35382,377.01443,416.67145,False,False
2023-12-15,640.0,446.91656,428.18164,465.2497,False,False
2023-12-16,619.0,430.55167,411.9059,449.09277,True,False
2023-12-17,771.0,474.00543,454.54276,493.78143,False,False
2023-12-18,749.0,501.63577,480.6587,522.5558,False,False
2023-12-19,709.0,484.19287,463.24377,505.67606,False,False
2023-12-20,485.0,438.2468,418.84207,456.28506,False,False
2023-12-21,328.0,373.5022,350.9998,394.9901,False,False
2023-12-22,294.0,394.7605,374.32547,414.5692,False,False
2023-12-23,282.0,393.65396,372.49194,414.0618,True,False
2023-12-24,317.0,443.56598,422.76294,463.93616,False,False
2023-12-25,352.0,405.78937,386.21768,425.9552,True,False
2023-12-26,396.0,400.05637,382.3037,418.5,False,True
2023-12-27,392.0,377.15955,360.07117,394.76138,False,True
2023-12-28,360.0,354.7299,335.68558,373.2937,False,True
2023-12-29,377.0,426.3425,406.2937,445.02423,False,False
2023-12-30,370.0,400.17212,382.152,418.74997,False,False
2023-12-31,334.0,428.21246,408.35178,447.92145,False,False
2024-01-01,485.0,450.40485,428.2693,472.18008,False,False
2024-01-02,438.0,455.81033,436.42383,475.97266,False,True
2024-01-03,387.0,421.6233,402.01578,441.5958,False,False
2024-01-04,417.0,432.13046,413.2724,450.82404,False,True
2024-01-05,316.0,402.88068,382.7309,422.2238,False,False
2024-01-06,368.0,433.46326,413.72552,452.94446,True,False
2024-01-07,384.0,448.4287,429.044,468.3148,True,False
2024-01-08,321.0,409.64893,388.6825,429.9659,False,False
2024-01-09,295.0,359.91034,337.9514,383.12286,False,False
2024-01-10,312.0,352.67316,332.4157,373.32886,False,False
2024-01-11,310.0,338.3932,317.18982,359.41223,False,False
2024-01-12,330.0,398.24524,378.19034,418.26096,False,False
2024-01-13,388.0,392.0305,372.08536,412.55045,False,True
2024-01-14,391.0,434.26254,415.10263,454.62817,False,False
2024-01-15,352.0,400.39294,380.0895,420.99127,False,False
2024-01-16,287.0,374.91333,355.19702,395.41003,False,False
2024-01-17,314.0,376.07272,356.47342,396.8051,False,False
2024-01-18,314.0,407.83304,386.9446,428.3103,False,False
2024-01-19,320.0,400.30542,379.75958,420.79724,False,False
2024-01-20,388.0,428.0205,405.59567,449.99213,False,False
2024-01-21,445.0,511.103,489.27094,533.6776,False,False
2024-01-22,335.0,443.59073,422.7944,465.22806,True,False
2024-01-23,308.0,403.64392,382.68585,425.47586,False,False
2024-01-24,406.0,435.56366,415.10394,456.36588,True,False
2024-01-25,348.0,389.70435,368.7115,410.59515,False,False
2024-01-26,402.0,459.42743,437.96368,480.7935,False,False
2024-01-27,467.0,449.85062,429.3163,470.59222,True,True
2024-01-28,496.0,485.6549,464.96658,507.12033,False,True
2024-01-29,405.0,466.45905,443.9127,488.16895,True,False
2024-01-30,429.0,434.50757,413.27667,456.46167,False,True
2024-01-31,466.0,462.69965,441.5614,483.64215,True,True
2024-02-01,486.0,460.69263,440.2208,481.06396,False,False
2024-02-02,415.0,467.73447,448.28867,487.57007,False,False
2024-02-03,471.0,493.93008,473.3817,513.83344,False,False
2024-02-04,511.0,490.46533,472.16467,508.82376,False,False
2024-02-05,450.0,478.3674,457.0843,499.40326,True,False
2024-02-06,376.0,398.6428,374.81055,422.79144,False,True
2024-02-07,381.0,366.48816,343.74774,390.94885,False,True
2024-02-08,356.0,344.99185,320.76657,369.61908,True,True
2024-02-09,408.0,381.57156,358.6499,403.99564,False,False
2024-02-10,475.0,421.4472,399.13208,443.72235,False,False
2024-02-11,462.0,442.19095,420.51535,464.39487,True,True
2024-02-12,490.0,463.49136,441.11334,484.84296,False,False
2024-02-13,387.0,411.69012,392.3764,431.88855,False,False
2024-02-14,327.0,372.47714,352.1323,391.8573,False,False
2024-02-15,363.0,362.93393,341.53336,384.00323,False,True
2024-02-16,340.0,384.34552,363.50223,404.95282,False,False
2024-02-17,472.0,448.52274,425.75018,471.5971,False,False
2024-02-18,436.0,444.3266,423.4958,465.29715,False,True
2024-02-19,431.0,441.21906,420.2298,461.00812,False,True
2024-02-20,351.0,385.37064,366.49326,403.64572,False,False
2024-02-21,361.0,369.70395,351.0066,388.25375,False,True
2024-02-22,376.0,407.25162,387.16348,426.92743,False,False
2024-02-23,390.0,392.44473,372.9754,411.2756,True,True
2024-02-24,399.0,431.21255,410.24744,450.9819,False,False
2024-02-25,496.0,447.32654,427.82422,466.62866,True,False
2024-02-26,360.0,406.22473,387.34625,425.07632,True,False
2024-02-27,421.0,431.21912,413.39322,449.08722,False,True
2024-02-28,401.0,406.44278,389.21512,423.9791,True,True
2024-02-29,442.0,428.44714,409.29224,446.2458,True,True
2024-03-01,426.0,444.2644,423.88614,463.5073,False,True
2024-03-02,538.0,443.54684,423.34085,463.8623,False,False
2024-03-03,603.0,516.657,497.44693,536.187,False,False
2024-03-04,427.0,473.89313,451.63483,497.1694,False,False
2024-03-05,385.0,440.91074,421.73273,460.15903,False,False
2024-03-06,432.0,435.3413,416.38016,454.58377,False,True
2024-03-07,445.0,446.03516,427.66122,463.81003,False,True
2024-03-08,390.0,430.61032,411.68524,449.0022,False,False
2024-03-09,638.0,477.04337,457.5011,496.5179,False,False
2024-03-10,508.0,485.49588,465.58136,505.67365,False,False
2024-03-11,459.0,466.8219,445.7065,489.0388,False,True
2024-03-12,394.0,434.41263,412.81357,456.98502,False,False
2024-03-13,391.0,443.2127,422.38336,464.65408,False,False
2024-03-14,401.0,421.39673,400.84888,441.78317,False,True
2024-03-15,517.0,465.4171,446.8858,484.09018,False,False
2024-03-16,515.0,467.13657,447.51196,485.8827,False,False
2024-03-17,804.0,537.93945,519.17554,557.2497,False,False
2024-03-18,380.0,470.9969,452.64038,489.41763,True,False
2024-03-19,379.0,417.10153,397.5725,436.74234,False,False
2024-03-20,348.0,401.53128,383.4054,420.2527,False,False
2024-03-21,518.0,431.0717,412.62515,449.8279,False,False
2024-03-22,385.0,436.83643,419.18863,454.2212,False,False
2024-03-23,448.0,420.1137,401.78854,438.63235,False,False
2024-03-24,486.0,501.3618,483.3261,520.08075,False,True
2024-03-25,458.0,470.27878,452.00406,487.37845,False,True
2024-03-26,397.0,423.29578,405.63855,441.2061,False,False
2024-03-27,436.0,454.3968,435.85342,472.98297,False,True
2024-03-28,432.0,423.16293,404.97256,440.67694,False,True
2024-03-29,459.0,443.13815,425.55298,460.67242,False,True
2024-03-30,477.0,479.7508,459.0285,499.77795,False,True
2024-03-31,505.0,491.4959,473.76245,510.3643,False,True
2024-04-01,439.0,420.85797,371.4584,463.9619,False,True
2024-04-02,377.0,447.96313,426.90433,469.4477,False,False
2024-04-03,415.0,438.1675,418.86716,457.5835,False,False
2024-04-04,376.0,412.77844,393.9873,430.96802,False,False
2024-04-05,339.0,411.1253,392.60663,428.73108,True,False
2024-04-06,408.0,523.8233,499.93704,547.7818,False,False
2024-04-07,429.0,456.66324,439.14066,474.68835,False,False
2024-04-08,369.0,457.2979,440.2098,475.23093,False,False
2024-04-09,405.0,402.42596,379.6884,423.899,False,True
2024-04-10,502.0,418.99344,388.07047,447.74435,False,False
2024-04-11,396.0,385.81284,365.0982,406.64404,False,True
2024-04-12,331.0,420.54092,401.53946,438.9957,False,False
2024-04-13,384.0,409.60992,388.271,430.5967,True,False
2024-04-14,404.0,431.4394,410.76215,452.4421,False,False
2024-04-15,559.0,478.36322,458.72287,498.574,False,False
2024-04-16,386.0,419.0452,399.86066,437.7236,False,False
2024-04-17,388.0,420.77045,403.7175,438.32935,False,False
2024-04-18,353.0,390.8849,371.96213,409.78717,False,False
2024-04-19,319.0,410.08176,392.2227,427.11676,False,False
2024-04-20,399.0,416.14124,395.9573,435.3251,True,True
2024-04-21,469.0,448.46442,429.48163,467.00253,False,False
2024-04-22,363.0,455.14795,437.20444,472.86316,False,False
2024-04-23,340.0,389.0231,369.16238,408.58725,False,False
2024-04-24,349.0,375.3119,356.05283,394.5587,False,False
2024-04-25,382.0,375.0206,356.70862,393.40897,False,True
2024-04-26,336.0,381.08386,362.40936,398.7075,False,False
2024-04-27,397.0,388.34833,367.72403,408.37314,False,True
2024-04-28,473.0,465.66687,447.12854,484.13565,False,True
2024-04-29,389.0,422.33905,403.33145,441.9916,False,False
2024-04-30,382.0,404.58426,386.20425,423.22266,True,False
2024-05-01,408.0,402.17142,385.12476,418.678,False,True
2024-05-02,344.0,379.82916,360.7264,398.9771,False,False
2024-05-03,343.0,388.44812,369.47556,406.61295,False,False
2024-05-04,389.0,417.17026,397.80414,434.9737,True,False
2024-05-05,399.0,412.64975,392.29306,432.34875,False,True
2024-05-06,334.0,387.42444,366.51965,408.11618,True,False
2024-05-07,319.0,343.32974,320.91632,365.12363,True,False
2024-05-08,297.0,346.2527,326.58743,366.30118,False,False
2024-05-09,304.0,376.21814,357.1495,395.28503,False,False
2024-05-10,293.0,391.78204,372.8803,411.35004,True,False
2024-05-11,334.0,423.37692,402.82657,443.66556,False,False
2024-05-12,398.0,408.47577,388.06842,428.8132,False,True
2024-05-13,385.0,438.04788,418.55624,458.16782,False,False
2024-05-14,340.0,372.1532,352.9674,391.52716,False,False
2024-05-15,367.0,386.3118,368.30927,404.64047,False,False
2024-05-16,342.0,344.0605,324.7646,363.41092,False,True
2024-05-17,316.0,373.20886,354.7928,391.71515,True,False
2024-05-18,428.0,469.19565,446.15656,491.40042,False,False
2024-05-19,394.0,443.83447,423.23148,465.23376,False,False
